<annotation>
  <folder>frame</folder>
  <filename>frame_000140.PNG</filename>
  <source>
    <database>Unknown</database>
    <annotation>Unknown</annotation>
    <image>Unknown</image>
  </source>
  <size>
    <width>1920</width>
    <height>1080</height>
    <depth></depth>
  </size>
  <segmented>0</segmented>
  <object>
    <name>Car</name>
    <truncated>0</truncated>
    <occluded>0</occluded>
    <difficult>0</difficult>
    <bndbox>
      <xmin>0.0</xmin>
      <ymin>781.93</ymin>
      <xmax>262.17</xmax>
      <ymax>1016.73</ymax>
    </bndbox>
    <attributes>
      <attribute>
        <name>rotation</name>
        <value>0.0</value>
      </attribute>
      <attribute>
        <name>track_id</name>
        <value>1</value>
      </attribute>
      <attribute>
        <name>keyframe</name>
        <value>True</value>
      </attribute>
    </attributes>
  </object>
  <object>
    <name>Car</name>
    <truncated>0</truncated>
    <occluded>0</occluded>
    <difficult>0</difficult>
    <bndbox>
      <xmin>0.03</xmin>
      <ymin>881.35</ymin>
      <xmax>491.07</xmax>
      <ymax>1079.11</ymax>
    </bndbox>
    <attributes>
      <attribute>
        <name>rotation</name>
        <value>0.0</value>
      </attribute>
      <attribute>
        <name>track_id</name>
        <value>2</value>
      </attribute>
      <attribute>
        <name>keyframe</name>
        <value>False</value>
      </attribute>
    </attributes>
  </object>
  <object>
    <name>Car</name>
    <truncated>0</truncated>
    <occluded>0</occluded>
    <difficult>0</difficult>
    <bndbox>
      <xmin>981.85</xmin>
      <ymin>232.62</ymin>
      <xmax>1096.92</xmax>
      <ymax>319.52</ymax>
    </bndbox>
    <attributes>
      <attribute>
        <name>rotation</name>
        <value>0.0</value>
      </attribute>
      <attribute>
        <name>track_id</name>
        <value>3</value>
      </attribute>
      <attribute>
        <name>keyframe</name>
        <value>False</value>
      </attribute>
    </attributes>
  </object>
  <object>
    <name>Person</name>
    <truncated>0</truncated>
    <occluded>0</occluded>
    <difficult>0</difficult>
    <bndbox>
      <xmin>1123.7</xmin>
      <ymin>826.8</ymin>
      <xmax>1286.0</xmax>
      <ymax>1080.0</ymax>
    </bndbox>
    <attributes>
      <attribute>
        <name>rotation</name>
        <value>0.0</value>
      </attribute>
      <attribute>
        <name>track_id</name>
        <value>4</value>
      </attribute>
      <attribute>
        <name>keyframe</name>
        <value>True</value>
      </attribute>
    </attributes>
  </object>
  <object>
    <name>Bike</name>
    <truncated>0</truncated>
    <occluded>0</occluded>
    <difficult>0</difficult>
    <bndbox>
      <xmin>1123.6</xmin>
      <ymin>981.1</ymin>
      <xmax>1243.2</xmax>
      <ymax>1080.0</ymax>
    </bndbox>
    <attributes>
      <attribute>
        <name>rotation</name>
        <value>0.0</value>
      </attribute>
      <attribute>
        <name>track_id</name>
        <value>6</value>
      </attribute>
      <attribute>
        <name>keyframe</name>
        <value>True</value>
      </attribute>
    </attributes>
  </object>
  <object>
    <name>Car</name>
    <truncated>0</truncated>
    <occluded>0</occluded>
    <difficult>0</difficult>
    <bndbox>
      <xmin>1216.68</xmin>
      <ymin>403.47</ymin>
      <xmax>1441.34</xmax>
      <ymax>595.09</ymax>
    </bndbox>
    <attributes>
      <attribute>
        <name>rotation</name>
        <value>0.0</value>
      </attribute>
      <attribute>
        <name>track_id</name>
        <value>7</value>
      </attribute>
      <attribute>
        <name>keyframe</name>
        <value>False</value>
      </attribute>
    </attributes>
  </object>
</annotation>
